<?xml version="1.0" encoding="UTF-8"?>
<!DOCTYPE xml>
<Configuration>
	<Appenders>
		<Console name="Console" target="SYSTEM_OUT">
			<PatternLayout
				pattern="%d{yyyy-MMM-dd HH:mm:ss a} [%t] %-5level %logger{36} - %msg%n" />
		</Console>

		<!-- Rolling File Appender -->
		<RollingFile name="RollingFile">
			<FileName>C:/logs/eventinsight-admin.log</FileName>
			<FilePattern>C:/logs/eventinsight-admin-%d{yyyy-MM-dd}-%i.log</FilePattern>
			<PatternLayout>
				<Pattern>style{%d{yyyy-MMM-dd HH:mm:ss a}}{black} %-5p %style{[%t]}{blue} %highlight{%level}{FATAL=bg_red, ERROR=red, WARN=yellow, INFO=green, DEBUG=blue} %logger{36} - %d{HH:mm:ss,SSS} %-5p (%F:%L)  %msg%n</Pattern>
			</PatternLayout>
			<Policies>
				<TimeBasedTriggeringPolicy interval="1"
					modulate="true" />
					<SizeBasedTriggeringPolicy size="80 KB" />
			</Policies>
			<DefaultRolloverStrategy max="5" />
		</RollingFile>

	</Appenders>
	<Loggers>
		<Logger name="com.mphasis.x2c" level="debug"
			additivity="false">
			<AppenderRef ref="RollingFile" />
			<AppenderRef ref="Console" />
		</Logger>
		<Root level="trace">
			<AppenderRef ref="Console" />
		</Root>
	</Loggers>

</Configuration>